{"cameraMode":{"drawMode":0,"name":"Shaded","section":"Shading Mode"},"sceneLighting":true,"audioPlay":false,"sceneViewState":{"showFog":true,"showMaterialUpdate":false,"showSkybox":true,"showFlares":true,"showImageEffects":true,"showParticleSystems":true},"in2DMode":false,"pivot":{"x":145.81236267089845,"y":-3.274740695953369,"z":44.905723571777347},"rotation":{"x":-0.0038826086092740299,"y":0.7064966559410095,"z":0.00416810717433691,"w":0.7077703475952148},"size":7.10764217376709,"orthographic":false}