{"cameraMode":{"drawMode":0,"name":"Shaded","section":"Shading Mode"},"sceneLighting":false,"audioPlay":false,"sceneViewState":{"showFog":true,"showMaterialUpdate":false,"showSkybox":false,"showFlares":true,"showImageEffects":true,"showParticleSystems":true},"in2DMode":false,"pivot":{"x":-78.29141235351563,"y":20.6168155670166,"z":19.401334762573243},"rotation":{"x":-0.19935868680477143,"y":-0.6561331152915955,"z":0.18584051728248597,"w":-0.7038934230804443},"size":3.354515314102173,"orthographic":false}