{"cameraMode":{"drawMode":0,"name":"Shaded","section":"Shading Mode"},"sceneLighting":false,"audioPlay":false,"sceneViewState":{"showFog":true,"showMaterialUpdate":false,"showSkybox":false,"showFlares":true,"showImageEffects":true,"showParticleSystems":true},"in2DMode":false,"pivot":{"x":-3.2640833854675295,"y":2.5594279766082765,"z":3.8639063835144045},"rotation":{"x":0.12485542893409729,"y":-0.5990092754364014,"z":0.09497442096471787,"w":0.7854176759719849},"size":3.9567971229553224,"orthographic":false}