{"cameraMode":{"drawMode":0,"name":"Shaded","section":"Shading Mode"},"sceneLighting":false,"audioPlay":false,"sceneViewState":{"showFog":true,"showMaterialUpdate":false,"showSkybox":false,"showFlares":true,"showImageEffects":true,"showParticleSystems":true},"in2DMode":false,"pivot":{"x":343.3382263183594,"y":207.18080139160157,"z":-9.525428771972657},"rotation":{"x":0.0008528162143193185,"y":-0.9999359250068665,"z":-0.026998914778232576,"w":-0.002319831633940339},"size":349.474609375,"orthographic":false}