{"cameraMode":{"drawMode":0,"name":"Shaded","section":"Shading Mode"},"sceneLighting":false,"audioPlay":false,"sceneViewState":{"showFog":true,"showMaterialUpdate":false,"showSkybox":false,"showFlares":true,"showImageEffects":true,"showParticleSystems":true},"in2DMode":false,"pivot":{"x":44.55850601196289,"y":-1.9308041334152222,"z":26.012144088745118},"rotation":{"x":0.057250380516052249,"y":0.03477468714118004,"z":-0.0018738157814368606,"w":0.9978223443031311},"size":18.654272079467775,"orthographic":false}