{"cameraMode":{"drawMode":0,"name":"Shaded","section":"Shading Mode"},"sceneLighting":true,"audioPlay":false,"sceneViewState":{"showFog":true,"showMaterialUpdate":false,"showSkybox":true,"showFlares":true,"showImageEffects":true,"showParticleSystems":true},"in2DMode":false,"pivot":{"x":48.073822021484378,"y":-5.546435356140137,"z":6.491704940795898},"rotation":{"x":-0.09538740664720535,"y":0.8422555327415466,"z":0.15846560895442964,"w":0.5067209601402283},"size":1.1445523500442505,"orthographic":false}