{"cameraMode":{"drawMode":0,"name":"Shaded","section":"Shading Mode"},"sceneLighting":true,"audioPlay":false,"sceneViewState":{"showFog":true,"showMaterialUpdate":false,"showSkybox":true,"showFlares":true,"showImageEffects":true,"showParticleSystems":true},"in2DMode":false,"pivot":{"x":269.8634338378906,"y":-284.1314697265625,"z":77.69172668457031},"rotation":{"x":-0.2997111678123474,"y":-0.5756922960281372,"z":0.23887686431407929,"w":-0.7223305106163025},"size":178.53817749023438,"orthographic":false}