{"cameraMode":{"drawMode":0,"name":"Shaded","section":"Shading Mode"},"sceneLighting":true,"audioPlay":false,"sceneViewState":{"showFog":true,"showMaterialUpdate":false,"showSkybox":true,"showFlares":true,"showImageEffects":true,"showParticleSystems":true},"in2DMode":false,"pivot":{"x":131.2410430908203,"y":-3.0557498931884767,"z":47.95355987548828},"rotation":{"x":0.008414867334067822,"y":0.6221066117286682,"z":-0.006290058605372906,"w":0.7829947471618652},"size":1.4490935802459717,"orthographic":false}