{"cameraMode":{"drawMode":0,"name":"Shaded","section":"Shading Mode"},"sceneLighting":false,"audioPlay":false,"sceneViewState":{"showFog":true,"showMaterialUpdate":false,"showSkybox":false,"showFlares":true,"showImageEffects":true,"showParticleSystems":true},"in2DMode":false,"pivot":{"x":42.331905364990237,"y":0.07833964377641678,"z":5.128451347351074},"rotation":{"x":-0.012763594277203083,"y":-0.9862219095230103,"z":0.13877712190151215,"w":-0.08985290676355362},"size":7.341068744659424,"orthographic":false}